[
  {
    "salutation": "Mr.",
    "firstName": "bibin",
    "lastName": "Benny",
    "email": "jino@gmail.com",
    "phone": "1234567890",
    "dob": "01-12-2019",
    "gender": "male",
    "qualifications": "BTech",
    "address": "fdgh",
    "city": "thrissur",
    "state": "Kerala",
    "country": "USA",
    "username": "seena",
    "password": "sdfghj",
    "pinZip": "1234567",
    "id": "b93670b9-fb1c-4300-a028-237d3b52248f",
    "avatar": "b93670b9-fb1c-4300-a028-237d3b52248f.jpg"
  },
  {
    "salutation": "Mr.",
    "firstName": "bibin",
    "lastName": "jaison",
    "email": "jino@gmail.com",
    "phone": "1234567891",
    "dob": "31-12-2020",
    "gender": "female",
    "qualifications": "plustwo",
    "address": "ascadcacs",
    "city": "thrissur",
    "state": "Tamilnadu",
    "country": "India",
    "username": "seena",
    "password": "sdfghjk",
    "pinZip": "1234567",
    "id": "66e2098a-b968-4061-93bb-18fa6c5403a6",
    "avatar": "66e2098a-b968-4061-93bb-18fa6c5403a6.jpg"
  },
  {
    "salutation": "Mr.",
    "firstName": "tyson",
    "lastName": "tojo",
    "email": "jino@gmail.com",
    "phone": "1234568901",
    "dob": "31-12-2022",
    "gender": "Female",
    "qualifications": "SSLC",
    "address": "fdgh",
    "city": "TVM",
    "state": "Kerala",
    "country": "India",
    "username": "arun",
    "password": "dsfghj",
    "pinZip": "1234567",
    "id": "4abba38f-e35e-451b-94fd-a34eac0c7427",
    "avatar": "4abba38f-e35e-451b-94fd-a34eac0c7427.jpg"
  },
  {
    "salutation": "Mrs.",
    "firstName": "akhila",
    "lastName": "jaison",
    "email": "jesbinbenny082000@gmail.com",
    "phone": "1234567890",
    "dob": "17-04-2024",
    "gender": "male",
    "qualifications": "BTech",
    "address": "sdxscsdce",
    "city": "TVM",
    "state": "Tamilnadu",
    "country": "India",
    "username": "kevin",
    "password": "asdfghj",
    "pinZip": "   123652",
    "id": "03c914ea-59a5-4674-975f-1ef776c545f0",
    "avatar": "03c914ea-59a5-4674-975f-1ef776c545f0.jpg"
  },
  {
    "salutation": "Mrs.",
    "firstName": "akhila",
    "lastName": "k",
    "email": "jesbinbenny082000@gmail.com",
    "phone": "1234567890",
    "dob": "26-04-2024",
    "gender": "male",
    "qualifications": "BTech",
    "address": "ascadcacs",
    "city": "saxasx",
    "state": "Tamilnadu",
    "country": "USA",
    "username": "adfcvew",
    "password": "zxcv",
    "pinZip": "12345",
    "id": "3cde1d1b-a9ed-4e6d-9550-88208dec9ba3",
    "avatar": "3cde1d1b-a9ed-4e6d-9550-88208dec9ba3.jpg"
  },
  {
    "salutation": "Mr.",
    "firstName": "gobi",
    "lastName": "krishnan",
    "email": "gobi@gmail.com",
    "phone": "1234567890",
    "dob": "30-04-2024",
    "gender": "male",
    "qualifications": "BTech",
    "address": "ascadcacs",
    "city": "saxasx",
    "state": "Kerala",
    "country": "USA",
    "username": "jesbin",
    "password": "scdvfsxg",
    "pinZip": "4521",
    "id": "2e484332-525b-4da7-b4a4-533bd7127791",
    "avatar": "2e484332-525b-4da7-b4a4-533bd7127791.jpg"
  },
  {
    "salutation": "Mr.",
    "firstName": "mj",
    "lastName": "dsf",
    "email": "jesbinbenny082000@gmail.com",
    "phone": "1234556778",
    "dob": "05-04-2024",
    "gender": "male",
    "qualifications": "BTech",
    "address": "fdgh",
    "city": "saxasx",
    "state": "Kerala",
    "country": "India",
    "username": "jesbin",
    "password": "dsfz",
    "pinZip": "4521",
    "id": "97cd1751-d043-4c58-b9e0-033dc8239db5",
    "avatar": "97cd1751-d043-4c58-b9e0-033dc8239db5.jpg"
  },
  {
    "salutation": "Mr.",
    "firstName": "sajad",
    "lastName": "fdfd",
    "email": "jesbinbenny082000@gmail.com",
    "phone": "1345678903",
    "dob": "04-04-2024",
    "gender": "male",
    "qualifications": "BTech",
    "address": "ascadcacs",
    "city": "saxasx",
    "state": "Kerala",
    "country": "India",
    "username": "adfcvew",
    "password": "fgbfdh",
    "pinZip": "12345",
    "id": "2d51c4e7-ebec-4ea9-824f-a0460424684c",
    "avatar": "2d51c4e7-ebec-4ea9-824f-a0460424684c.jpg"
  },
  {
    "salutation": "Mr.",
    "firstName": "adhil",
    "lastName": "mand",
    "email": "jesbinbenny082000@gmail.com",
    "phone": "1234567890",
    "dob": "04-04-2024",
    "gender": "male",
    "qualifications": "BTech",
    "address": "DFGHJK",
    "city": "saxasx",
    "state": "Kerala",
    "country": "India",
    "username": "seena",
    "password": "dsfds",
    "pinZip": "12345",
    "id": "b4e781d4-181a-46ef-9082-9b5a538da983",
    "avatar": "b4e781d4-181a-46ef-9082-9b5a538da983.jpg"
  },
  {
    "salutation": "Mr.",
    "firstName": "adhilasdfghj",
    "lastName": "k",
    "email": "ishitha@gmail.com",
    "phone": "1234567890",
    "dob": "12-04-2024",
    "gender": "male",
    "qualifications": "BTech",
    "address": "ascadcacs",
    "city": "saxasx",
    "state": "Kerala",
    "country": "India",
    "username": "adfcvew",
    "password": "zsdrzef",
    "pinZip": "4521",
    "id": "f695ba1a-d669-4068-ac5b-35aaf18c12ee"
  }
]